,A,R,N,D,C,Q,E,G,H,I,L,K,M,F,P,S,T,W,Y,V
A,13,3,4,5,2,3,5,12,2,3,6,6,1,2,7,9,8,0,1,7
R,6,17,4,4,1,5,4,5,5,2,4,18,1,1,5,6,5,2,1,4
N,9,4,6,8,1,5,7,10,5,2,4,10,1,2,5,8,6,0,2,4
D,9,3,7,11,1,6,11,10,4,2,3,8,1,1,4,7,6,0,1,4
C,5,2,2,1,52,1,1,4,2,2,2,2,0,1,3,7,4,0,3,4
Q,8,5,5,7,1,10,9,7,7,2,6,10,1,1,5,6,5,0,1,4
E,9,3,6,10,1,7,12,9,4,2,4,8,1,1,4,7,5,0,1,4
G,12,2,4,5,2,3,5,27,2,2,3,5,1,1,5,9,6,0,1,4
H,6,6,6,6,2,7,6,5,15,2,5,8,1,3,5,6,4,1,3,5
I,8,3,3,3,2,2,3,5,2,10,15,5,2,5,3,5,6,0,2,4
L,6,2,2,2,1,3,2,4,2,6,34,4,3,6,3,4,4,1,2,15
K,7,9,5,5,1,5,5,6,3,2,4,24,2,1,4,7,6,0,1,10
M,7,4,3,3,1,3,3,5,2,6,20,9,6,4,3,5,5,0,2,4
F,4,1,2,1,1,1,1,3,2,5,13,2,2,32,2,3,3,1,15,10
P,11,4,4,4,2,4,4,8,3,2,5,6,1,1,20,9,6,0,1,5
S,11,4,5,5,3,3,5,11,3,3,4,8,1,2,6,10,8,1,2,5
T,11,3,4,5,2,3,5,9,2,4,6,8,1,2,5,9,11,0,2,5
W,2,7,2,1,1,1,1,2,2,1,6,4,1,4,1,4,2,55,3,72
Y,4,2,3,2,4,2,2,3,3,3,7,3,1,20,2,4,3,1,31,4
V,9,2,3,3,2,3,3,7,2,9,13,5,2,3,4,6,6,0,2,17
